{
  "version": "3.0.0",
  "ensemble_weights": {
    "rf": 0.4,
    "xgb": 0.3,
    "lgb": 0.3
  },
  "last_trained": "2026-03-12T15:44:40.058299+00:00",
  "performance_metrics": {
    "rf": {
      "rmse": 20.53531020890543,
      "mae": 13.992621399076075,
      "r2": 0.8118551414497115
    },
    "xgb": {
      "rmse": 18.241462112138212,
      "mae": 12.149972265392048,
      "r2": 0.8515401182433339
    },
    "lgb": {
      "rmse": 17.179183568919406,
      "mae": 11.289345123173618,
      "r2": 0.8683275670892273
    },
    "nn": {
      "rmse": 16.48552060040731,
      "mae": 10.507794005528847,
      "r2": 0.8787462574672161
    },
    "ensemble": {
      "rmse": 18.25048221573273,
      "mae": 12.14051124252803,
      "r2": 0.8513932599934699
    }
  },
  "feature_importance": {
    "soil_type_factor": 0.5005542298305025,
    "rainfall_mm": 0.13634630516050944,
    "flow_accumulation": 0.06348017193667273,
    "elevation_m": 0.06307566024410238,
    "slope_deg": 0.04293557650027243,
    "rainfall_24h": 0.039426431330704705,
    "builtup_percentage": 0.026065063150932974,
    "soil_saturation": 0.01785346108688853,
    "water_distance_m": 0.014172234777457228,
    "drainage_density": 0.014156119380531115
  }
}