{
  "version": "3.0.0",
  "ensemble_weights": {
    "rf": 0.4,
    "xgb": 0.3,
    "lgb": 0.3
  },
  "last_trained": "2026-03-13T17:05:50.273208+00:00",
  "performance_metrics": {
    "rf": {
      "rmse": 2.781387711696236,
      "mae": 1.3502568340255565,
      "r2": 0.996846511367362
    },
    "xgb": {
      "rmse": 1.5086887111485054,
      "mae": 0.8293303773717281,
      "r2": 0.9990721719710016
    },
    "lgb": {
      "rmse": 1.428613124331707,
      "mae": 0.9564188094900326,
      "r2": 0.9991680495178051
    },
    "nn": {
      "rmse": 3.313755555806343,
      "mae": 2.456927980873835,
      "r2": 0.995523803488729
    },
    "ensemble": {
      "rmse": 1.5813029734349424,
      "mae": 0.8453540605830009,
      "r2": 0.9989807085488016
    }
  },
  "feature_importance": {
    "slope_deg": 0.1499582470361281,
    "rainfall_24h": 0.14917642184966948,
    "humidity_percent": 0.14677440345527476,
    "flow_accumulation": 0.14628095530401444,
    "rainfall_mm": 0.14300286029803091,
    "soil_saturation": 0.0901133177172902,
    "pressure_hpa": 0.045209193495191424,
    "wind_speed": 0.04520402428975118,
    "elevation_m": 0.04423554804096943,
    "temperature_c": 0.04004502851368011
  }
}